Workbook

Sheet Лист1
A1: Дата | B1: Территория | C1: Товарооборот, шт | D1: Товарооборот, руб | E1: Количество складов | F1: Количество заказов | G1: Количество клиентов | H1: Товарооборот на склад | I1: Неделя
A2: 43982 | B2: Самара | C2: 7944 | D2: 623971.5 | E2: {=INDEX(Лист2!$C:$C,MATCH(1,(Лист2!$A:$A=A2)*(Лист2!$B:$B=B2),0))} -> 15 | F2: {=INDEX(Лист2!$D:$D,MATCH(1,(Лист2!$A:$A=A2)*(Лист2!$B:$B=B2),0))} -> 441 | G2: {=INDEX(Лист2!$E:$E,MATCH(1,(Лист2!$A:$A=A2)*(Лист2!$B:$B=B2),0))} -> 368 | H2: =D2/E2 -> 41598.1 | I2: =WEEKNUM(A2,2) -> 22
A3: 43981 | B3: Самара | C3: 10029 | D3: 787101 | E3: {=INDEX(Лист2!$C:$C,MATCH(1,(Лист2!$A:$A=A3)*(Лист2!$B:$B=B3),0))} -> 15 | F3: {=INDEX(Лист2!$D:$D,MATCH(1,(Лист2!$A:$A=A3)*(Лист2!$B:$B=B3),0))} -> 490 | G3: {=INDEX(Лист2!$E:$E,MATCH(1,(Лист2!$A:$A=A3)*(Лист2!$B:$B=B3),0))} -> 409 | H3: =D3/E3 -> 52473.4 | I3: =WEEKNUM(A3,2) -> 22
A4: 43979 | B4: Самара | C4: 8536.5 | D4: 643944 | E4: {=INDEX(Лист2!$C:$C,MATCH(1,(Лист2!$A:$A=A4)*(Лист2!$B:$B=B4),0))} -> 15 | F4: {=INDEX(Лист2!$D:$D,MATCH(1,(Лист2!$A:$A=A4)*(Лист2!$B:$B=B4),0))} -> 464 | G4: {=INDEX(Лист2!$E:$E,MATCH(1,(Лист2!$A:$A=A4)*(Лист2!$B:$B=B4),0))} -> 390 | H4: =D4/E4 -> 42929.6 | I4: =WEEKNUM(A4,2) -> 22
A5: 43967 | B5: Кемерово | C5: 38947.5 | D5: 3395892 | E5: {=INDEX(Лист2!$C:$C,MATCH(1,(Лист2!$A:$A=A5)*(Лист2!$B:$B=B5),0))} -> 21 | F5: {=INDEX(Лист2!$D:$D,MATCH(1,(Лист2!$A:$A=A5)*(Лист2!$B:$B=B5),0))} -> 2145 | G5: {=INDEX(Лист2!$E:$E,MATCH(1,(Лист2!$A:$A=A5)*(Лист2!$B:$B=B5),0))} -> 1947 | H5: =D5/E5 -> 161709.14 | I5: =WEEKNUM(A5,2) -> 20
A6: 43970 | B6: Кемерово | C6: 31842 | D6: 2771116.5 | E6: {=INDEX(Лист2!$C:$C,MATCH(1,(Лист2!$A:$A=A6)*(Лист2!$B:$B=B6),0))} -> 21 | F6: {=INDEX(Лист2!$D:$D,MATCH(1,(Лист2!$A:$A=A6)*(Лист2!$B:$B=B6),0))} -> 1860 | G6: {=INDEX(Лист2!$E:$E,MATCH(1,(Лист2!$A:$A=A6)*(Лист2!$B:$B=B6),0))} -> 1704 | H6: =D6/E6 -> 131957.93 | I6: =WEEKNUM(A6,2) -> 21
A7: 43968 | B7: Кемерово | C7: 32023.5 | D7: 2882458.5 | E7: {=INDEX(Лист2!$C:$C,MATCH(1,(Лист2!$A:$A=A7)*(Лист2!$B:$B=B7),0))} -> 21 | F7: {=INDEX(Лист2!$D:$D,MATCH(1,(Лист2!$A:$A=A7)*(Лист2!$B:$B=B7),0))} -> 1874 | G7: {=INDEX(Лист2!$E:$E,MATCH(1,(Лист2!$A:$A=A7)*(Лист2!$B:$B=B7),0))} -> 1705 | H7: =D7/E7 -> 137259.93 | I7: =WEEKNUM(A7,2) -> 20
A8: 43960 | B8: Кемерово | C8: 31147.5 | D8: 2831019 | E8: {=INDEX(Лист2!$C:$C,MATCH(1,(Лист2!$A:$A=A8)*(Лист2!$B:$B=B8),0))} -> 21 | F8: {=INDEX(Лист2!$D:$D,MATCH(1,(Лист2!$A:$A=A8)*(Лист2!$B:$B=B8),0))} -> 1735 | G8: {=INDEX(Лист2!$E:$E,MATCH(1,(Лист2!$A:$A=A8)*(Лист2!$B:$B=B8),0))} -> 1568 | H8: =D8/E8 -> 134810.43 | I8: =WEEKNUM(A8,2) -> 19
A9: 43955 | B9: Кемерово | C9: 25566 | D9: 2372310 | E9: {=INDEX(Лист2!$C:$C,MATCH(1,(Лист2!$A:$A=A9)*(Лист2!$B:$B=B9),0))} -> 20 | F9: {=INDEX(Лист2!$D:$D,MATCH(1,(Лист2!$A:$A=A9)*(Лист2!$B:$B=B9),0))} -> 1519 | G9: {=INDEX(Лист2!$E:$E,MATCH(1,(Лист2!$A:$A=A9)*(Лист2!$B:$B=B9),0))} -> 1372 | H9: =D9/E9 -> 118615.5 | I9: =WEEKNUM(A9,2) -> 19
A10: 43950 | B10: Кемерово | C10: 29319 | D10: 2623480.5 | E10: {=INDEX(Лист2!$C:$C,MATCH(1,(Лист2!$A:$A=A10)*(Лист2!$B:$B=B10),0))} -> 18 | F10: {=INDEX(Лист2!$D:$D,MATCH(1,(Лист2!$A:$A=A10)*(Лист2!$B:$B=B10),0))} -> 1684 | G10: {=INDEX(Лист2!$E:$E,MATCH(1,(Лист2!$A:$A=A10)*(Лист2!$B:$B=B10),0))} -> 1528 | H10: =D10/E10 -> 145748.92 | I10: =WEEKNUM(A10,2) -> 18
A11: 43953 | B11: Кемерово | C11: 29031 | D11: 2711247 | E11: {=INDEX(Лист2!$C:$C,MATCH(1,(Лист2!$A:$A=A11)*(Лист2!$B:$B=B11),0))} -> 18 | F11: {=INDEX(Лист2!$D:$D,MATCH(1,(Лист2!$A:$A=A11)*(Лист2!$B:$B=B11),0))} -> 1708 | G11: {=INDEX(Лист2!$E:$E,MATCH(1,(Лист2!$A:$A=A11)*(Лист2!$B:$B=B11),0))} -> 1534 | H11: =D11/E11 -> 150624.83 | I11: =WEEKNUM(A11,2) -> 18
A12: 43977 | B12: Кемерово | C12: 33423 | D12: 2970330 | E12: {=INDEX(Лист2!$C:$C,MATCH(1,(Лист2!$A:$A=A12)*(Лист2!$B:$B=B12),0))} -> 20 | F12: {=INDEX(Лист2!$D:$D,MATCH(1,(Лист2!$A:$A=A12)*(Лист2!$B:$B=B12),0))} -> 2044 | G12: {=INDEX(Лист2!$E:$E,MATCH(1,(Лист2!$A:$A=A12)*(Лист2!$B:$B=B12),0))} -> 1863 | H12: =D12/E12 -> 148516.5 | I12: =WEEKNUM(A12,2) -> 22
A13: 43952 | B13: Кемерово | C13: 32487 | D13: 3031254 | E13: {=INDEX(Лист2!$C:$C,MATCH(1,(Лист2!$A:$A=A13)*(Лист2!$B:$B=B13),0))} -> 18 | F13: {=INDEX(Лист2!$D:$D,MATCH(1,(Лист2!$A:$A=A13)*(Лист2!$B:$B=B13),0))} -> 1826 | G13: {=INDEX(Лист2!$E:$E,MATCH(1,(Лист2!$A:$A=A13)*(Лист2!$B:$B=B13),0))} -> 1633 | H13: =D13/E13 -> 168403 | I13: =WEEKNUM(A13,2) -> 18
... A505: 43983 | B505: Новосибирск | C505: 14238 | D505: 1293219 | E505: {=INDEX(Лист2!$C:$C,MATCH(1,(Лист2!$A:$A=A505)*(Лист2!$B:$B=B505),0))} -> 18 | F505: {=INDEX(Лист2!$D:$D,MATCH(1,(Лист2!$A:$A=A505)*(Лист2!$B:$B=B505),0))} -> 923 | G505: {=INDEX(Лист2!$E:$E,MATCH(1,(Лист2!$A:$A=A505)*(Лист2!$B:$B=B505),0))} -> 824 | H505: =D505/E505 -> 71845.5 | I505: =WEEKNUM(A505,2) -> 23

Sheet Лист2
A1: Дата | B1: Территория | C1: Количество складов | D1: Количество заказов | E1: Количество клиентов
A2: 43949 | B2: Волгоград | C2: 36 | D2: 4923 | E2: 4560
A3: 43949 | B3: Екатеринбург | C3: 31 | D3: 5465 | E3: 5096
A4: 43949 | B4: Казань | C4: 19 | D4: 1846 | E4: 1681
A5: 43949 | B5: Кемерово | C5: 18 | D5: 1539 | E5: 1404
A6: 43949 | B6: Краснодар | C6: 18 | D6: 1505 | E6: 1368
A7: 43949 | B7: Москва Восток | C7: 54 | D7: 12306 | E7: 11532
A8: 43949 | B8: Москва Запад | C8: 59 | D8: 12943 | E8: 12072
A9: 43949 | B9: Нижний Новгород | C9: 17 | D9: 1439 | E9: 1265
A10: 43949 | B10: Новосибирск | C10: 15 | D10: 636 | E10: 547
A11: 43949 | B11: Пермь | C11: 15 | D11: 780 | E11: 690
A12: 43949 | B12: Санкт-Петербург Север | C12: 125 | D12: 20914 | E12: 19479
A13: 43949 | B13: Санкт-Петербург Юг | C13: 128 | D13: 16450 | E13: 15320
... A505: 43983 | B505: Уфа | C505: 6 | D505: 237 | E505: 175

Sheet Сводная Таблица
A1: Данные в разрезе Территории и Недель | F1: ТОП-3 территорий по доле в общем товарообороте | I1: ТОП-3 территорий по товарообороту на склад за последнюю неделю
A3: Неделя/ Территория | B3: Товарооборот | C3: Кол-во складов | D3: % Товарооборот -на складе | F3: Территория | G3: % Товарооборота на складе | I3: Территория | J3: % Товарооборота на складе за последнюю неделю
A4: 18 | B4: 836803032 | C4: 3354 | D4: 0.16294589 | F4: Москва Восток | G4: 0.14799167 | I4: Москва Восток | J4: 0.12572062
A5: 19 | B5: 9.8391541e+08 | C5: 3977 | D5: 0.19283528 | F5: Москва Запад | G5: 0.14107897 | I5: Москва Запад | J5: 0.11841948
A6: 20 | B6: 9.4726301e+08 | C6: 3994 | D6: 0.18951756 | F6: Санкт-Петербург Север | G6: 0.11984748 | I6: Санкт-Петербург Север | J6: 0.10872389
A7: 21 | B7: 1.0026919e+09 | C7: 4020 | D7: 0.20303122
A8: 22 | B8: 1.0556535e+09 | C8: 4151 | D8: 0.22150604 | I8: Неделя | J8: 23
A9: 23 | B9: 1.3603238e+08 | C9: 615 | D9: 0.030164006
A10: Общий итог | B10: 4.9623592e+09 | C10: 20111 | D10: 1 | F10: Территория | G10: Сумма по полю Товарооборот на склад | I10: Территория | J10: Сумма по полю Товарооборот на склад
F11: Москва Восток | G11: 0.14799167 | I11: Москва Восток | J11: 0.12572062
F12: Москва Запад | G12: 0.14107897 | I12: Москва Запад | J12: 0.11841948
F13: Санкт-Петербург Север | G13: 0.11984748 | I13: Санкт-Петербург Север | J13: 0.10872389
F14: Санкт-Петербург Юг | G14: 0.086975419 | I14: Екатеринбург | J14: 0.079079961
F15: Екатеринбург | G15: 0.085011249 | I15: Санкт-Петербург Юг | J15: 0.077871723
F16: Волгоград | G16: 0.065280236 | I16: Казань | J16: 0.060320133
F17: Казань | G17: 0.062351326 | I17: Волгоград | J17: 0.056267862
F18: Кемерово | G18: 0.05434064 | I18: Нижний Новгород | J18: 0.054082326
F19: Нижний Новгород | G19: 0.053712588 | I19: Кемерово | J19: 0.050336576
F20: Краснодар | G20: 0.048334541 | I20: Краснодар | J20: 0.043396057
F21: Тольятти | G21: 0.035953276 | I21: Тюмень | J21: 0.041146322
F22: Пермь | G22: 0.033346059 | I22: Тольятти | J22: 0.036171106
... F29: Общий итог | G29: 1 | I29: Общий итог | J29: 1

Sheet График
A1: Неделя | B1: (Все)
A3: Названия строк | B3: Товарооборот | C3: % Товарооборота на складе
A4: Санкт-Петербург Север | B4: 1.3807239e+09 | C4: 0.11984748
A5: Санкт-Петербург Юг | B5: 1.0356124e+09 | C5: 0.086975419
A6: Москва Запад | B6: 7.7414695e+08 | C6: 0.14107897
A7: Москва Восток | B7: 738124428 | C7: 0.14799167
A8: Екатеринбург | B8: 2.43409e+08 | C8: 0.085011249
A9: Волгоград | B9: 218000127 | C9: 0.065280236
A10: Казань | B10: 120582837 | C10: 0.062351326
A11: Кемерово | B11: 1.0167354e+08 | C11: 0.05434064
A12: Нижний Новгород | B12: 95592298 | C12: 0.053712588
A13: Краснодар | B13: 85862582 | C13: 0.048334541
A14: Пермь | B14: 48803040 | C14: 0.033346059
A15: Новосибирск | B15: 41034630 | C15: 0.027152761
... A22: Общий итог | B22: 4.9623592e+09 | C22: 1
